Trial,Truth,Measured Stimulus,Decision,HP
1,False,-0.7535801781012218,False,999
2,False,-0.700958908316256,False,996
3,False,-1.4070465301956472,True,994
4,False,-0.5569886462904126,False,993
5,True,0.21154431013886169,False,990
6,False,-1.4261105121369526,True,988
7,True,2.01129752300481,True,990
8,False,-1.3196150102191648,False,989
9,True,1.524528933088516,True,991
10,True,0.35587552785860366,True,993
11,False,-0.3626814397096798,False,992
12,True,0.569428085184059,True,994
13,False,-1.0616617854839778,False,993
14,False,0.37634094458623124,True,991
15,False,-0.8201725026509705,False,990
16,False,-0.32467546549900206,False,987
17,True,0.5850090144984766,True,989
18,False,-1.0300975371641221,False,988
19,False,-0.668261974483084,False,985
20,False,-0.3304698448747983,True,983
21,False,-0.15579725799156746,False,982
22,False,-1.8752139966214507,False,979
23,False,0.05396490252001773,True,977
24,False,-1.9769140544065769,False,976
25,False,-0.7552283439434688,False,973
26,False,-0.8561081051894318,True,971
27,False,-0.8690552025846378,False,970
28,False,-0.641855280577235,False,967
29,True,-0.030920257213753133,True,969
30,False,-0.27253210654649584,False,968
31,True,0.7171915307720799,True,970
32,False,-1.523098233716733,False,969
33,False,-1.3824056400836815,False,966
34,True,0.6717528303329923,True,968
35,True,0.32115626293029664,True,970
36,False,-0.23159495220488874,False,969
37,True,0.03691873766818118,True,971
38,True,0.15673034650815224,True,973
39,False,-0.9451804508486173,False,972
40,True,0.4639564484745472,True,974
41,True,-0.043722036254580016,False,973
42,True,1.114742891381748,True,975
43,True,0.16142877521470464,True,977
44,True,0.42199658833073994,True,979
45,False,-1.0140207898491103,False,978
46,True,1.3189299899379874,True,980
47,True,1.3440635381506254,True,982
48,False,-1.237701997600894,False,981
49,False,-0.5578172260474852,False,978
50,False,-0.9683582627940807,True,976
51,True,0.8898132037372826,True,978
52,False,-0.5889738946111693,False,977
53,False,-1.7710114438323434,False,974
54,False,-1.1726135714934551,True,972
55,False,-2.276650672463572,False,971
56,False,-0.6088667502157605,False,968
57,False,-0.8693153894165061,True,966
58,True,0.28329935995581257,True,968
59,False,-1.2027726146519877,False,967
60,False,-0.7830057234510323,False,964
61,True,1.419072948764748,True,966
62,False,-0.3680273807426076,False,965
63,True,0.20851643699838454,True,967
64,False,-0.9089502242367822,False,966
65,False,-0.04489675902770273,True,964
66,False,-1.7794612165402988,False,963
67,False,-0.8882978784429323,False,960
68,False,-0.37971674423547497,True,958
69,True,0.6090798829126067,True,960
70,True,1.6113223936844345,True,962
71,True,0.496777405870966,True,964
72,False,-2.516146065631374,False,963
73,False,-0.45329434882472097,False,960
74,False,-2.234954978089644,True,958
75,False,-0.9528175403009743,False,957
76,True,0.8615938426294651,True,959
77,False,-0.14282275086449836,False,958
78,False,-1.2245361242313617,False,955
79,True,0.5929933556695552,True,957
80,False,-1.2303732960791862,False,956
81,True,1.0289995926301807,True,958
82,False,-0.31064067585029315,False,957
83,True,0.8833130069098867,True,959
84,True,1.3487417117942706,True,961
85,True,0.6946149914635704,True,963
86,False,-0.8287887015592142,False,962
87,True,0.8544280187574609,True,964
88,False,-0.33062973112564514,False,963
89,True,1.5815313438157368,True,965
90,True,0.8667004073715414,True,967
91,False,-0.8509747727721824,False,966
92,False,-1.076581563886362,False,963
93,True,0.9252758892312388,True,965
94,False,-0.6823956541682759,False,964
95,True,1.5390581078090946,True,966
96,True,0.3850187594153276,True,968
97,True,1.2910174286586795,True,970
98,False,-1.2778175934243223,False,969
99,True,1.3676144914586845,True,971
100,True,0.3905693443066369,True,973
101,True,0.4692333772397733,True,975
102,False,-2.169360928379918,False,974
103,True,0.17722517349030442,True,976
104,True,0.9469245380308872,True,978
105,False,-1.012581908115049,False,977
106,False,0.05023135776117181,True,975
107,False,-0.6655115049235837,False,974
108,False,-1.8260799403955352,False,971
109,False,-1.2315571645112764,True,969
110,False,-0.7292080222309663,False,968
111,False,-0.3173757264732651,False,965
112,True,1.2939264104929185,True,967
113,True,0.5888363002305235,True,969
114,True,0.7437624592390459,True,971
115,False,-1.4703331716577042,False,970
116,False,-1.9331652615659776,False,967
117,True,1.3569777981128388,True,969
118,True,1.2425142228891974,True,971
119,True,0.5501732589980487,True,973
120,False,0.021948384539619045,True,971
121,False,-0.6195870084869547,False,970
122,False,-0.8447038668751624,False,967
123,False,-1.5054798832253025,True,965
124,False,-1.630378159128147,False,964
125,True,1.5774550946734747,True,966
126,False,-0.26710712741960874,False,965
127,True,0.30710144098004705,True,967
128,False,-0.06107963342123869,False,966
129,False,-0.4850166280990742,False,963
130,False,-0.3544530382119482,True,961
131,False,-0.14248613256261783,False,960
132,False,-2.622029122155521,False,957
133,True,0.7072421496186811,True,959
134,False,-1.6314321358191373,False,958
135,True,0.30160401101524725,True,960
136,False,-0.12450917513479665,False,959
137,False,0.02090248569149039,True,957
138,False,-0.6168142218077594,False,956
139,False,-1.514313560588431,False,953
140,True,0.8397783355068118,True,955
141,False,-2.401579891731954,False,954
142,False,-0.759845686558561,False,951
143,True,1.2406314961175635,True,953
144,False,-0.8365163360198616,False,952
145,True,-0.0023973938366243855,True,954
146,False,-1.3972292205287942,False,953
147,False,-0.6689193843845878,False,950
148,True,1.1446408112742086,True,952
149,True,1.0276208126088262,True,954
150,False,-0.18240560418816698,False,953
151,False,-0.20938057078563566,False,950
152,True,0.4512806251650063,True,952
153,True,1.5579224207361386,True,954
154,False,-0.633069940233752,False,953
155,True,-0.32098630133772976,False,950
156,True,0.21282204300107685,True,952
157,True,0.7396858654626818,True,954
158,False,-1.3457719332072475,False,953
159,False,-0.4420927049282317,False,950
160,False,-0.30786365964799833,True,948
161,False,-0.35705395208046264,False,947
162,False,-0.6765920037395343,False,944
163,True,1.2139256308850235,True,946
164,True,0.6657511754889555,True,948
165,True,0.4662086715040275,True,950
166,False,-0.554900273551286,False,949
167,False,-0.2058386290712149,False,946
168,False,0.04417735546454621,True,944
169,False,-0.16021799633515588,False,943
170,True,0.3106678030455947,True,945
171,False,-1.8525995940371656,False,944
172,False,-1.6374977491688854,False,941
173,True,0.35307497637315616,True,943
174,True,0.5737121581469165,True,945
175,True,-0.0012380615468361444,False,944
176,False,-1.586951674233946,False,941
177,True,0.245818151283663,True,943
178,True,-0.10731387335564246,False,942
179,False,-0.9497636826913078,False,939
180,True,-0.07778526803255553,True,941
181,False,-0.3784643853127799,False,940
182,True,1.934442496580671,True,942
183,True,0.6456232772838909,True,944
184,False,-2.4499328536896217,False,943
185,False,-1.584437578047741,False,940
186,False,-0.1011771112366911,True,938
187,False,-0.5315039593178806,False,937
188,True,0.8811010639895508,True,939
189,False,-0.8511275802597525,False,938
190,True,1.1879716175973862,True,940
191,False,-0.14439282111508334,False,939
192,True,2.3411820203743856,True,941
193,False,-0.8931551469293859,False,940
194,True,-0.22161606805679135,False,937
195,True,0.0361177293806903,True,939
196,False,-1.778831293414633,False,938
197,True,0.18236413874797802,True,940
198,True,0.7601646512799131,True,942
199,True,0.6541140014136162,True,944
200,True,1.0692863517877427,True,946
201,True,0.23196202494335288,True,948
202,False,-0.06327751125040476,False,947
203,True,0.677904145311513,True,949
204,True,0.2154281134282336,True,951
205,False,-1.20576556531338,False,950
206,False,-1.1648775655503778,False,947
207,False,-0.3877556016305648,True,945
208,True,0.3945992927459342,True,947
209,True,1.5698059335525876,True,949
210,False,-1.8270898999828475,False,948
211,False,-1.3984717465485919,False,945
212,True,2.0513965045424825,True,947
213,True,0.15866921282092958,True,949
214,True,1.1484759240636022,True,951
215,False,-1.264041591081929,False,950
216,True,1.5004369669270368,True,952
217,False,-2.7063203342381397,False,951
218,False,-0.2367776721240456,False,948
219,True,0.2342263342060497,True,950
220,False,-0.12975709513117317,False,949
221,False,-0.3093485472971074,False,946
222,False,-0.7893970354843689,True,944
223,True,-0.1728348971925035,False,943
224,False,-1.2255708554325249,False,940
225,False,-0.031500482634963016,True,938
226,False,-1.7052993476585643,False,937
227,True,0.712859471230161,True,939
228,False,-0.5100503072471981,False,938
229,True,1.5491275693428967,True,940
230,False,-0.21696772916580676,False,939
231,True,0.42823035280207455,True,941
232,True,1.9184791028764625,True,943
233,True,0.44935207838897717,True,945
234,False,-1.011481421068929,False,944
235,True,0.8636817616350863,True,946
236,True,0.9324731576055603,True,948
237,True,0.10390104244155662,True,950
238,False,-0.7134194552184172,False,949
239,False,-0.32159616834156773,False,946
240,False,-0.42599769204315235,True,944
241,False,-0.6130287524122789,False,943
242,False,-2.2762413063417823,False,940
243,True,0.13122440312425793,True,942
244,False,-0.3423549669756323,False,941
245,False,-0.7976964178581464,False,938
246,False,-0.5878937260956558,True,936
247,False,-0.39409405887071525,False,935
248,False,-0.966403181593567,False,932
249,False,-0.5050023193108869,True,930
250,False,-1.2693417179834645,False,929
251,False,0.03927680022951491,True,927
252,False,0.24779664779635882,True,925
253,True,-0.0973974875132188,False,924
254,False,-0.7131598234586454,False,921
255,True,0.9041108384042607,True,923
256,False,-1.2263544388206646,False,922
257,False,-1.39952431802441,False,919
258,False,0.16462639153087807,True,917
259,True,0.6183730668685301,True,919
260,False,-1.3676023896014378,False,918
261,False,-0.6255759691976496,False,915
262,False,-0.08059799947072552,True,913
263,True,0.9763675028673342,True,915
264,False,0.27627099029451974,True,913
265,True,0.23393946775455587,True,915
266,True,2.585840750971638,True,917
267,True,0.03311193184734329,True,919
268,True,1.09799631107856,True,921
269,True,-0.20561225129903332,False,920
270,True,0.3321540405306895,True,922
271,False,-1.7794288271290697,False,921
272,True,0.12353645009785316,True,923
273,True,1.9201782975200403,True,925
274,False,-0.13430296350918508,False,924
275,True,0.11665684432896235,True,926
276,False,-1.7253900180476296,False,925
277,False,-0.7130534637795181,False,922
278,True,0.7110154009191593,True,924
279,True,1.1736228546420684,True,926
280,True,0.2569807706069512,True,928
281,False,-2.2609286587124444,False,927
282,False,-3.588510966604241,False,924
283,False,-1.1955818957029554,True,922
284,False,-1.763560642863406,False,921
285,False,-0.39536272606106204,False,918
286,False,-0.6289190969339631,True,916
287,True,0.267029882982386,True,918
288,True,1.1654212284540142,True,920
289,False,-1.0215431907389452,False,919
290,False,0.5138569814544239,True,917
291,False,-1.0970460465928216,False,916
292,False,-1.1267510545474786,False,913
293,True,0.8140604395560047,True,915
294,False,-0.5791056634131654,False,914
295,True,1.0600287272290119,True,916
296,False,-0.9440373487679331,False,915
297,False,-0.14222962868500683,True,913
298,False,-0.35713980348797286,False,912
299,False,-0.10509567915832174,True,910
300,True,0.2510741770085514,True,912
301,True,1.1683360107482812,True,914
302,False,-0.009773348848801586,False,913
303,False,-1.4827639139772713,False,910
304,False,-2.7923767112764892,True,908
305,False,-0.7542444377601792,False,907
306,False,-0.05418153020726596,True,905
307,False,-0.8696514971969055,False,904
308,True,0.2957159690450961,True,906
309,True,0.944348335574043,True,908
310,False,-0.2699925144627435,False,907
311,False,-0.9071985798445198,False,904
312,False,-0.6362298162915894,True,902
313,True,0.5571012334967168,True,904
314,False,-0.5706851943735343,False,903
315,False,-0.03516963757841482,True,901
316,True,0.09112142261793454,True,903
317,False,-0.32602329890624693,False,902
318,False,-0.24684673309799576,False,899
319,False,-0.9991347079003688,True,897
320,True,1.1433910977563115,True,899
321,False,-0.8582043265860647,False,898
322,True,1.333381585138184,True,900
323,True,0.9157133239425099,True,902
324,False,0.646864462604423,True,900
325,False,-0.09367356222259644,False,899
326,False,-1.1999770275420718,False,896
327,False,0.12641185152862616,True,894
328,False,-0.586583254742091,False,893
329,True,0.21915989530161484,True,895
330,False,-0.7427694627612342,False,894
331,False,0.09306984504183478,True,892
332,False,0.1170028168516132,True,890
333,False,-1.541410250166281,False,889
334,False,-0.47338424968152837,False,886
335,True,-0.11697003619854895,True,888
336,False,-0.005760911833010175,False,887
337,True,0.6517943660802907,True,889
338,False,-0.8152284316091264,False,888
339,False,-1.825694142877168,False,885
340,True,1.5170964072310544,True,887
341,False,-0.5102306817466895,False,886
342,False,-0.9654093743049236,False,883
343,True,0.9315678805200516,True,885
344,True,0.2221845816999052,True,887
345,False,-1.313529542974,False,886
346,True,0.6522548149900185,True,888
347,False,-1.5763764222161158,False,887
348,False,-1.623135854745018,False,884
349,False,-0.12920120733338822,True,882
350,True,1.5919306861793445,True,884
351,False,-0.6756588041492693,False,883
352,False,-0.24997261001248006,False,880
353,False,-1.1333791830205104,True,878
354,False,-1.214747538211091,False,877
355,True,0.5961213568150605,True,879
356,False,-0.4844059447290723,False,878
357,False,-0.27703030849378335,False,875
358,True,0.09377841420812874,True,877
359,True,1.60460003098885,True,879
360,False,-0.12097816552004595,False,878
361,False,-1.3729659224781918,False,875
362,True,1.5767563906605069,True,877
363,False,-0.3236472292069903,False,876
364,True,0.06041139035060879,True,878
365,False,-1.8306864395647247,False,877
366,True,1.5698429560218785,True,879
367,False,-1.9681665648521187,False,878
368,False,-0.4540932885451253,False,875
369,True,0.0173759013910067,True,877
370,False,-0.5055443599577112,False,876
371,True,0.7450181534232879,True,878
372,True,-0.08552931822512333,False,877
373,False,-0.32648148778362535,False,874
374,False,-0.588271789424459,True,872
375,True,0.9265360948622423,True,874
376,False,-0.14207958674238327,False,873
377,True,0.252950443222222,True,875
378,True,-0.5900786066903534,False,874
379,False,-1.695817264008811,False,871
380,True,1.7676114001082746,True,873
381,True,0.6215485535212592,True,875
382,True,1.1736945504507406,True,877
383,False,-1.1150383576873277,False,876
384,True,-0.19868857870946488,False,873
385,False,-0.32145097060935834,True,871
386,False,-1.0220783419940975,False,870
387,True,1.802402244166021,True,872
388,False,-0.22536549699505137,False,871
389,False,-1.6459618905246778,False,868
390,True,0.15058249523050077,True,870
391,False,-0.24210574391575157,False,869
392,True,0.9006646377291105,True,871
393,False,-1.1295710759660857,False,870
394,False,-0.8073102581419014,False,867
395,False,-1.063009316252732,True,865
396,False,-0.9862714233952581,False,864
397,False,-0.43541130095275504,False,861
398,False,-0.715859810646583,True,859
399,True,0.4602829549726167,True,861
400,True,0.9034531620092733,True,863
401,True,0.4160397240152329,True,865
402,True,0.2661723398186083,True,867
403,False,-2.3528775201510523,False,866
404,False,-0.6826941337125607,False,863
405,False,-1.118060683463598,True,861
406,False,-0.8482136158289575,False,860
407,True,0.25541237012363155,True,862
408,False,-1.0790974573064724,False,861
409,False,-0.15155423940906376,True,859
410,True,1.7912847028466352,True,861
411,False,-0.9040767474802748,False,860
412,True,0.9047561239392496,True,862
413,True,1.1345981320795426,True,864
414,True,0.6405993378632663,True,866
415,True,0.9100477539556809,True,868
416,False,-1.7508175115460711,False,867
417,True,1.8689847730093974,True,869
418,True,0.8271563741960208,True,871
419,True,0.19415210287182402,True,873
420,False,-0.8623404363666334,False,872
421,True,0.4346912115701676,True,874
422,False,-2.140021268467313,False,873
423,True,2.120563780225624,True,875
424,False,-1.8918673195741271,False,874
425,False,-1.1046924477651174,False,871
426,True,0.5040933546844597,True,873
427,False,-0.25647438911856923,False,872
428,False,-0.9105369221583004,False,869
429,False,-0.22317077753962514,True,867
430,True,0.7673687827326348,True,869
431,True,0.8224650206461286,True,871
432,True,1.0857508282444395,True,873
433,True,0.5317344121338566,True,875
434,True,2.023085787286823,True,877
435,True,1.928044979723926,True,879
436,True,1.599157551330772,True,881
437,False,-2.066253575655864,False,880
438,False,-1.7530556664047714,False,877
439,False,-1.4174268879575067,True,875
440,True,-0.15146415233265945,False,874
441,True,1.5321709699976094,True,876
442,True,0.16242453749689556,True,878
443,False,-0.535686297875156,False,877
444,True,2.3266357103252058,True,879
445,False,-0.47028343252739,False,878
446,False,-1.1612104475561864,False,875
447,True,1.1117536847187677,True,877
448,True,0.4954642112921482,True,879
449,True,0.1873645986373937,True,881
450,True,0.4189263350272352,True,883
451,False,-1.5738255739326474,False,882
452,False,-0.16678661557022634,False,879
453,True,0.2271229886352769,True,881
454,True,0.5401158388668257,True,883
455,False,-0.901654197801026,False,882
456,True,0.11284504055436206,True,884
457,True,1.850759223494004,True,886
458,True,-0.022692631372211808,False,885
459,True,-0.5516523964015267,False,882
460,False,-0.1722258526329944,True,880
461,True,2.2566284426857166,True,882
462,True,0.42466267101636906,True,884
463,True,0.528734329150597,True,886
464,False,-1.0196098111292533,False,885
465,False,-0.9438586643284309,False,882
466,True,0.7096823620439052,True,884
467,False,-0.6837682064278878,False,883
468,False,-2.7965848748499345,False,880
469,True,0.43956784889837835,True,882
470,False,-0.163356987925589,False,881
471,True,0.3295824273198647,True,883
472,False,-0.5436190232653446,False,882
473,True,1.22383887334848,True,884
474,True,1.787971336417153,True,886
475,True,-0.1302034411199835,False,885
476,False,-0.047739308069629005,True,883
477,False,-1.5882320400911538,False,882
478,False,-0.7068497706784055,False,879
479,True,0.5307676766649245,True,881
480,True,1.4927806790157754,True,883
481,False,-0.9196359831010259,False,882
482,True,1.1152067818393232,True,884
483,False,-0.4817102751126927,False,883
484,False,-0.5442221299967285,False,880
485,True,0.0641402978984689,True,882
486,False,-0.8714965335037573,False,881
487,False,-0.26530709448492973,False,878
488,False,-0.5555509044654883,True,876
489,False,-1.1305127655886398,False,875
490,False,-0.2695220369689551,False,872
491,True,1.3864226098904124,True,874
492,True,0.7075490327932525,True,876
493,False,-0.8907740002353726,False,875
494,True,-0.12957856075590996,True,877
495,True,0.6749639237531608,True,879
496,False,-0.3916448560656618,False,878
497,True,0.44339263073907165,True,880
498,True,0.006002156534223604,False,879
499,False,-0.514310139821084,False,876
500,False,-0.5363787937005966,True,874
501,False,-1.5286213699705695,False,873
502,False,-0.1263563730826257,True,871
503,False,-0.02103472780895902,False,870
504,False,-1.4381743659214479,False,867
505,False,-0.16267817782541533,True,865
506,False,-1.1215004776458428,False,864
507,True,0.803743050700821,True,866
508,True,1.4348747241268305,True,868
509,False,-0.5083638583894244,False,867
510,False,-1.6540464301842144,False,864
511,True,0.10661687992604024,True,866
512,True,0.6440284599853809,True,868
513,True,0.509426316494304,True,870
514,True,1.1759948981626955,True,872
515,False,-0.5799513560859696,False,871
516,False,0.09285775477172006,True,869
517,True,0.7401518468801132,True,871
518,True,0.9549135419734085,True,873
519,True,1.4166739460989752,True,875
520,True,0.33814586601531826,True,877
521,True,1.4025085082287272,True,879
522,True,-0.29260474261994196,False,878
523,True,0.23040172220753022,True,880
524,False,-0.6171872723463561,False,879
525,True,0.6231039585966454,True,881
526,False,-0.6508061699061805,False,880
527,False,-1.4382634011369138,False,877
528,False,-1.2439208134916686,True,875
529,False,-1.835074979805646,False,874
530,True,0.00715965081751483,True,876
531,False,-1.103956161325573,False,875
532,False,-1.6407578216368197,False,872
533,False,-0.7967861891231502,True,870
534,True,0.5571300832950554,True,872
535,True,0.5002055100709875,True,874
536,False,0.026914519632029392,True,872
537,True,0.5484135003464089,True,874
538,True,0.1083344547886905,True,876
539,False,-0.0443672951680886,False,875
540,True,0.5800740680169656,True,877
541,True,0.6191110510065554,True,879
542,True,1.8950872421577103,True,881
543,False,-0.4759671994046396,False,880
544,False,-0.5867647230402243,False,877
545,False,-0.9863918935118707,True,875
546,False,-0.14201121523435628,False,874
547,True,2.2045717363552533,True,876
548,False,-0.5000295687230577,False,875
549,True,2.462715926718334,True,877
550,False,-1.9590881704094028,False,876
551,False,0.11335205686380023,True,874
552,False,-1.1783649931643576,False,873
553,False,-0.7458635447885307,False,870
554,False,-0.5504584000796979,True,868
555,True,0.3745006552545555,True,870
556,False,-0.5937416579737689,False,869
557,True,1.088311069437402,True,871
558,False,-0.911528415754811,False,870
559,True,1.2530338602398317,True,872
560,False,-1.382616411043071,False,871
561,True,1.6829385492546887,True,873
562,False,-0.6470805785996292,False,872
563,True,0.6362433133478187,True,874
564,False,-0.5204782902249991,False,873
565,True,0.35127906271905207,True,875
566,True,0.36291288078544165,True,877
567,True,0.1453207017230577,True,879
568,False,-0.09671030647016214,False,878
569,True,0.7032872930289408,True,880
570,False,-1.0703946663858646,False,879
571,False,-0.8572849896234922,False,876
572,False,-0.4672817164973078,True,874
573,False,-1.0571608510734904,False,873
574,True,-0.012383918202980876,True,875
575,True,1.5527163871433038,True,877
576,False,-0.7303452470918267,False,876
577,False,-1.4039975119314958,False,873
578,False,-1.04325451482014,True,871
579,False,-0.4166876665142869,False,870
580,True,-0.011471010566706824,True,872
581,False,-0.45623693235894136,False,871
582,True,0.48874458566053725,True,873
583,True,1.5402797073970187,True,875
584,False,0.12084540221527529,True,873
585,False,-0.4851841667891563,False,872
586,True,0.271369611034157,True,874
587,False,-1.5400378766620701,False,873
588,False,-0.7533299213034568,False,870
589,True,1.302444167579838,True,872
590,False,-1.528312005795542,False,871
591,False,-1.454838193544914,False,868
592,False,-0.44075147164323764,True,866
593,True,-0.2793469671196757,False,865
594,False,-2.3802990171056893,False,862
595,False,-0.8161022936606364,True,860
596,True,0.22460915064929052,True,862
597,True,0.7847077809152238,True,864
598,False,-0.18116363325778911,False,863
599,False,-0.41705430771991425,False,860
600,False,-1.6368640933349543,True,858
601,False,-0.18746421575360828,False,857
602,True,0.1587622261849288,True,859
603,True,1.5361804720481724,True,861
604,True,1.2030817943516547,True,863
605,False,-0.5211012092102377,False,862
606,False,0.013720070608814167,True,860
607,False,-1.17710965535674,False,859
608,False,-0.004189961693474742,True,857
609,False,-0.7038359624082828,False,856
610,False,-0.9716022811513418,False,853
611,False,-1.2936272728828677,True,851
612,True,1.117789723422372,True,853
613,True,0.5582150811924625,True,855
614,True,1.2791323616484815,True,857
615,True,0.6296272456745473,True,859
616,False,-0.9091174506947685,False,858
617,False,-1.8535167344758126,False,855
618,True,-0.21479324798290528,True,857
619,False,-0.7064155117734612,False,856
620,True,0.3960893694468639,True,858
621,False,-1.4490957302990484,False,857
622,False,-0.5934801525544949,False,854
623,False,-0.35509938355439724,True,852
624,False,-0.5316956454695261,False,851
625,True,0.29890761396584226,True,853
626,True,0.481871533510574,True,855
627,False,-0.2738000449760614,False,854
628,False,-1.4546524598563548,False,851
629,False,-0.7543638175807011,True,849
630,True,2.076678455777081,True,851
631,False,-2.0506723819531985,False,850
632,True,0.3381979897355225,True,852
633,True,-0.20579646676131258,False,851
634,True,1.02219876376427,True,853
635,True,0.6885454690267516,True,855
636,True,0.41455213516468425,True,857
637,False,-0.5135901487918748,False,856
638,False,0.28466630630555756,True,854
639,True,2.3416506487038435,True,856
640,True,-0.019808278098108742,False,855
641,True,1.635241573386222,True,857
642,True,0.8496107347016484,True,859
643,False,-0.46771152087177137,False,858
644,True,0.25361528274767,True,860
645,False,-0.49836064661209944,False,859
646,False,-1.697100189979055,False,856
647,False,-1.0507730030715243,True,854
648,True,-0.31158787345453304,False,853
649,True,0.11628987249595898,True,855
650,False,0.20032310745379123,True,853
651,True,1.0623473942075068,True,855
652,True,0.21747334448801298,True,857
653,True,1.3199277987858604,True,859
654,True,0.0514896061960802,True,861
655,False,-0.5922380093154385,False,860
656,False,-1.3014294140724139,False,857
657,True,0.06347420876553933,True,859
658,True,0.4591637901690472,True,861
659,False,-0.14366297219042823,False,860
660,False,-1.4145312869815294,False,857
661,False,-2.186925674442618,True,855
662,True,0.9486462598366124,True,857
663,False,-1.771577161163519,False,856
664,True,0.2740313654693629,True,858
665,True,1.8553046415333132,True,860
666,True,1.5285602446794515,True,862
667,False,-1.3248632808730905,False,861
668,True,0.45772622033561927,True,863
669,False,-1.5382908781688553,False,862
670,False,-0.7057981445663493,False,859
671,False,-0.4604882485720874,True,857
672,False,-0.20086853292944862,False,856
673,True,0.569575910222887,True,858
674,True,0.6608890169967738,True,860
675,False,-2.195300763657981,False,859
676,True,0.8530711438403269,True,861
677,False,-1.8206396971728918,False,860
678,True,1.8862438081687647,True,862
679,True,1.534075667022339,True,864
680,True,1.2933612117874012,True,866
681,True,0.9703260809309022,True,868
682,True,0.08075873979717352,True,870
683,False,-1.8951988835447922,False,869
684,True,-0.24102759508795485,False,866
685,False,-1.4081408133502613,True,864
686,True,1.5787138328084185,True,866
687,False,-2.439122587322643,False,865
688,True,0.3811609272473435,True,867
689,True,0.4834458875089817,True,869
690,True,1.18237296303751,True,871
691,True,-0.2749284808140514,False,870
692,False,-0.33712762885537806,False,867
693,False,0.23453449625579553,True,865
694,False,-0.7689684623856842,False,864
695,False,0.042535635018707885,True,862
696,False,0.011697052161644739,True,860
697,False,-1.6470429521620837,False,859
698,False,-2.312086847382506,False,856
699,False,-0.9621900201746527,True,854
700,True,0.1579574395600931,True,856
701,False,-1.1862920133355528,False,855
702,False,-0.24483780838950725,False,852
703,False,-0.5001927285965339,True,850
704,True,1.537672688961482,True,852
705,False,-0.739017422662579,False,851
706,False,-0.47594505367379425,False,848
707,True,0.41142973585946124,True,850
708,True,1.5250688574112468,True,852
709,True,1.76931724106459,True,854
710,False,-2.5846497628921115,False,853
711,True,-0.16839264001184356,False,850
712,False,0.08812494296815868,True,848
713,False,-1.1211152213403208,False,847
714,False,-0.10289558573549501,True,845
715,False,-0.5759585963514556,False,844
716,True,0.26301988865952597,True,846
717,True,0.1332809387286172,True,848
718,False,-0.1552178390931898,False,847
719,False,-1.1154087631250293,False,844
720,True,0.25722663912993643,True,846
721,False,-0.09824774347184048,False,845
722,False,0.02019856084638913,True,843
723,False,-2.285011949544635,False,842
724,True,1.1308233792234648,True,844
725,True,0.5072020875752623,True,846
726,True,0.8884474276673593,True,848
727,True,1.3632989671614444,True,850
728,True,1.2036155911216484,True,852
729,True,0.7586220904226564,True,854
730,True,0.7511161525073954,True,856
731,True,1.0808351271378254,True,858
732,True,0.7673537877520548,True,860
733,False,-0.8457741214896521,False,859
734,True,0.8861297841402682,True,861
735,True,0.9108759167236989,True,863
736,True,0.7626350809708365,True,865
737,False,-0.7019227033460099,False,864
738,False,-0.8407313660162257,False,861
739,True,1.545070493826094,True,863
740,True,1.2183619575659579,True,865
741,False,-1.4675528263697917,False,864
742,True,1.2604304156929924,True,866
743,False,-1.9759156362181163,False,865
744,True,0.04859885914941514,True,867
745,True,-0.19161563288736339,False,866
746,True,1.5991885868144626,True,868
747,False,-0.733221919824215,False,867
748,True,1.3897902170136012,True,869
749,True,0.2692928965319894,True,871
750,True,1.2069332701312239,True,873
751,True,0.3620347324451278,True,875
752,True,0.41866230519534997,True,877
753,False,-0.26511107017592805,False,876
754,False,-1.2856051112948026,False,873
755,False,0.0914009733266784,True,871
756,True,1.4156073212873737,True,873
757,False,-1.1598870845823561,False,872
758,True,0.3033523819893871,True,874
759,True,0.8421548739956453,True,876
760,False,-0.2669398868974129,False,875
761,True,0.2775333017737309,True,877
762,True,0.7165700115252611,True,879
763,False,0.11662221046741894,True,877
764,False,-2.701178737346018,False,876
765,False,-2.1617614668327008,False,873
766,False,-0.9849842930128728,True,871
767,False,-0.05474084790798518,False,870
768,False,-1.0022951852898496,False,867
769,False,0.2625522523777967,True,865
770,True,0.4013636530172483,True,867
771,True,0.705224251167465,True,869
772,True,0.10013952698849998,True,871
773,False,-0.9604146801523826,False,870
774,False,-0.35545141069699104,False,867
775,True,0.6291170238692746,True,869
776,False,-1.5809445041347097,False,868
777,True,0.7838412461404488,True,870
778,False,-1.1238126891575995,False,869
779,False,-0.9468985034632711,False,866
780,False,-1.3556673763037042,True,864
781,True,1.1605919594739618,True,866
782,False,-1.3499450173935321,False,865
783,False,0.10865884339387039,True,863
784,True,0.6978348957337323,True,865
785,True,0.8527978684271893,True,867
786,True,0.5782007493583272,True,869
787,False,-1.2651999578622295,False,868
788,True,-0.28324124531073547,False,865
789,False,0.3331834215557474,True,863
790,False,-1.2141696609293218,False,862
791,True,0.5270555184036725,True,864
792,False,-0.6208136121391317,False,863
793,False,-0.6240890679105648,False,860
794,True,1.6260639787141467,True,862
795,False,-0.1532440606116266,False,861
796,True,1.4140034734698943,True,863
797,True,1.1938502818544643,True,865
798,True,1.2734086746125217,True,867
799,True,0.6928638240030949,True,869
800,True,0.8330525449349535,True,871
801,True,2.1570013398132297,True,873
802,True,0.45875127510205915,True,875
803,False,-0.4226254092064369,False,874
804,False,-0.6280106541650428,False,871
805,True,1.351265743116979,True,873
806,True,0.22993751883651342,True,875
807,False,-1.2677116302038138,False,874
808,True,1.141155357799919,True,876
809,False,-0.5955523524851638,False,875
810,False,0.07876209240497097,True,873
811,False,-0.19028867807188724,False,872
812,False,-0.5387278046877313,False,869
813,False,0.377137108617397,True,867
814,False,-0.2877219304811903,False,866
815,False,-1.472457604079966,False,863
816,False,-0.9997629662684068,True,861
817,True,-0.12928115214126684,False,860
818,True,0.22285124270122442,True,862
819,True,-0.09242603817201445,False,861
820,False,-0.818437214789749,False,858
821,False,-1.3159549331984852,True,856
822,False,-2.004113365051096,False,855
823,False,-0.3716832792527102,False,852
824,True,1.170299017258114,True,854
825,False,-0.020223392223843062,False,853
826,True,-0.037135245609538126,True,855
827,True,-0.07539491406690245,False,854
828,False,-2.598083974467709,False,851
829,False,-1.5365741369637285,True,849
830,False,-0.21737522827333206,False,848
831,True,2.038761531301672,True,850
832,True,0.4861330318491033,True,852
833,True,0.2665028822849852,True,854
834,True,1.4050417665224106,True,856
835,True,1.2576414331748422,True,858
836,False,-0.2810233444438137,False,857
837,False,-0.3691722197811045,False,854
838,False,-0.6369878191969752,True,852
839,True,0.9969730394938223,True,854
840,True,0.5983616105367467,True,856
841,True,1.4916314925111867,True,858
842,False,-1.8898281152589576,False,857
843,True,1.0133631055573682,True,859
844,False,-0.4606945162225871,False,858
845,False,-0.6640489553113106,False,855
846,False,-0.8835582132581301,True,853
847,True,0.45629334967158536,True,855
848,False,-1.556891449018433,False,854
849,False,0.09721801037866057,True,852
850,False,-1.9648861982580625,False,851
851,False,-1.171592011968233,False,848
852,True,0.010882817851819826,True,850
853,True,0.03089478451563793,True,852
854,True,0.4573781129019835,True,854
855,True,0.5684922743496579,True,856
856,False,-0.22735005630569963,False,855
857,False,-0.9197615332363952,False,852
858,False,-0.1170909581655083,True,850
859,True,0.37453331104496523,True,852
860,True,0.5401711447534964,True,854
861,True,1.6919326843022657,True,856
862,True,0.039836344481620746,True,858
863,True,0.3117241710758539,True,860
864,False,-1.214069538308843,False,859
865,True,0.30544971991355774,True,861
866,False,-1.1105087848675215,False,860
867,False,-0.039772826974702524,True,858
868,True,-0.005334653332962722,False,857
869,True,1.006092833536568,True,859
870,False,-0.5551995802998747,False,858
871,False,-0.9771681153854417,False,855
872,False,-1.3867582899312096,True,853
873,False,-1.05363312301748,False,852
874,True,0.6721514696373867,True,854
875,False,0.0495630136366742,True,852
876,False,-1.5119225372819243,False,851
877,False,-1.31885150098376,False,848
878,False,-1.5794674855131048,True,846
879,True,0.3216848787479761,True,848
880,False,-0.9297327955087236,False,847
881,False,-0.7220673705401348,False,844
882,False,0.49716425587732793,True,842
883,True,0.7070278800655627,True,844
884,False,-0.20765477981004443,False,843
885,False,-0.4647792320864345,False,840
886,False,-1.5125940510057096,True,838
887,False,-0.46240934085954827,False,837
888,False,-1.3771939037787198,False,834
889,False,-1.15022637347,True,832
890,True,0.09027368846016823,True,834
891,True,1.0274533244453141,True,836
892,True,0.38995586642261204,True,838
893,False,-1.638835993981144,False,837
894,True,0.2945548654442989,True,839
895,True,0.3007691346024053,True,841
896,False,-0.2688772463953509,False,840
897,False,-1.883753325783918,False,837
898,False,-0.865304130209257,True,835
899,True,0.6691395302124166,True,837
900,True,1.976762861378954,True,839
901,False,-0.7679134240569491,False,838
902,True,0.47803826784409326,True,840
903,False,-0.13712698290548542,False,839
904,False,-0.705633365844941,False,836
905,True,2.01501874348913,True,838
906,True,0.590461294856599,True,840
907,True,2.1946674081120925,True,842
908,True,0.15741099698527797,True,844
909,False,-0.6307480452243786,False,843
910,True,1.8186309900384718,True,845
911,True,0.4391311917122317,True,847
912,False,-1.1139895985765238,False,846
913,True,2.128746125373825,True,848
914,False,-0.7770189758972981,False,847
915,True,0.09625003739048407,True,849
916,False,-0.7685075370888692,False,848
917,False,-0.4182160059045599,False,845
918,True,0.6717242618158263,True,847
919,False,-0.45106066397265426,False,846
920,False,-1.0366456055384217,False,843
921,True,0.01664209454778426,True,845
922,False,-0.344302426749387,False,844
923,False,-1.2478381874126414,False,841
924,True,0.23837614827090373,True,843
925,False,-0.618413084980334,False,842
926,True,0.26661639386172287,True,844
927,False,-1.5780986707837439,False,843
928,False,-0.7064389228935744,False,840
929,False,-1.499765647613753,True,838
930,False,-0.48990476148921597,False,837
931,True,-0.28523596227113457,False,834
932,False,-0.5590702122013977,True,832
933,True,0.8866262229401436,True,834
934,False,-0.6496952006693366,False,833
935,False,-1.9910870687256992,False,830
936,False,-0.9195620263926485,True,828
937,False,-0.24344246312486184,False,827
938,True,1.1522150375451226,True,829
939,True,0.16841425032392693,True,831
940,True,0.690712649219033,True,833
941,False,-2.0741649473197694,False,832
942,False,-1.1372295446067606,False,829
943,False,-1.934626931559039,True,827
944,True,1.0096274195815864,True,829
945,True,-0.1348717237875559,False,828
946,True,2.1968543178221727,True,830
947,True,0.3145596422956197,True,832
948,False,-1.4249892066078262,False,831
949,False,-0.9576241215132878,False,828
950,True,0.460479193539554,True,830
951,True,0.8438332942507394,True,832
952,False,-0.24782348659098047,False,831
953,True,0.19697476511207096,True,833
954,True,0.7645198128308822,True,835
955,True,0.6256271831469731,True,837
956,True,2.4600210111375134,True,839
957,False,-0.9494986897110802,False,838
958,False,-3.4252018071350507,False,835
959,True,0.0068618818720903585,True,837
960,False,-0.2715640209339629,False,836
961,True,-0.22320666328314692,False,833
962,False,0.012996642790671545,True,831
963,True,0.3385869582436684,True,833
964,False,-0.7360368214990085,False,832
965,True,0.2831283303305075,True,834
966,False,-0.48765358206884174,False,833
967,True,-0.3653563198403783,False,830
968,True,0.47879381780935665,True,832
969,False,-0.011697942293754038,False,831
970,False,-1.1767721095237818,False,828
971,False,-0.9476683588528538,True,826
972,True,0.2273118705422396,True,828
973,False,-0.9308832097681882,False,827
974,True,0.2513366664475839,True,829
975,False,-1.017365536696898,False,828
976,True,1.085686331134419,True,830
977,True,0.06933423880899733,True,832
978,True,1.337479053877115,True,834
979,False,-0.6035028845753372,False,833
980,True,0.14959079058862246,True,835
981,False,-0.2528166254978429,False,834
982,False,-0.8269515725371166,False,831
983,True,1.0998610030815823,True,833
984,True,1.1128608616530296,True,835
985,False,-1.1459244714935666,False,834
986,True,2.6843281709828446,True,836
987,False,-0.9399564553193956,False,835
988,True,0.18628019652841332,True,837
989,False,-1.3040197414396955,False,836
990,True,0.15870336551677963,True,838
991,False,-2.2404106729674376,False,837
992,True,0.6833724702112648,True,839
993,True,0.24261211346179082,True,841
994,True,1.4446073577928848,True,843
995,False,-3.1565875931674126,False,842
996,True,0.13972497418412136,True,844
997,False,-1.074341449725995,False,843
998,False,-0.7435975805914206,False,840
999,False,-0.2288229701628109,True,838
1000,False,-0.2048365922541916,False,837
1001,False,-0.7085700233436075,False,834
1002,True,0.8621151368018839,True,836
1003,False,-0.24758705731294936,False,835
1004,False,-2.687658161466692,False,832
1005,False,0.0647373210535846,True,830
1006,False,-1.0484144320323479,False,829
1007,False,-0.9005390593265392,False,826
1008,True,-0.04901986407830099,True,828
1009,True,-0.18486768786142282,False,827
1010,False,-0.7938024034171758,False,824
1011,False,-0.6929335946831194,True,822
1012,False,-0.8561634411226282,False,821
1013,False,-1.5929770245272652,False,818
1014,False,-1.23479213897108,True,816
1015,True,0.2173326106451086,True,818
1016,True,0.23323952240700965,True,820
1017,False,-0.7430580914236764,False,819
1018,False,-1.8465751125192365,False,816
1019,False,-1.3328327015724113,True,814
1020,True,-0.023867962896281444,False,813
1021,False,-0.16334059479462132,True,811
1022,False,-0.5609855384926947,False,810
1023,True,0.3917953242641156,True,812
1024,True,0.8370123778373924,True,814
1025,False,0.080486914794349,True,812
1026,False,-0.10149438767913671,False,811
1027,False,-1.615442143856868,False,808
1028,False,-0.9006808852458624,True,806
1029,False,-0.5167262094551249,False,805
1030,True,0.5546932923086857,True,807
1031,False,-0.186286535639918,False,806
1032,True,1.0624039519813069,True,808
1033,True,0.40204611175470306,True,810
1034,True,-0.05811855619342904,False,809
1035,True,1.9507289229982803,True,811
1036,True,0.1624304172349535,True,813
1037,True,0.23473308384798938,True,815
1038,False,-0.6885135939453528,False,814
1039,True,0.484961830865263,True,816
1040,True,0.3523234354407494,True,818
1041,True,-0.014713446848674816,False,817
1042,False,-1.6859843428415315,False,814
1043,True,-0.033199971124586725,True,816
1044,True,-0.14114378945205014,False,815
1045,True,0.6813843165204463,True,817
1046,True,0.1576704703216172,True,819
1047,False,0.08155681718450426,True,817
1048,False,-1.2170558101134061,False,816
1049,False,-1.1153903308297228,False,813
1050,False,-0.6042365514056037,True,811
1051,False,-1.3853736302830642,False,810
1052,True,0.6364286677520457,True,812
1053,False,-1.4510571668161272,False,811
1054,False,0.03531253586250105,True,809
1055,False,-1.6167757746900986,False,808
1056,True,0.6031265340199822,True,810
1057,False,-1.6864334897172235,False,809
1058,False,-0.2638044500311354,False,806
1059,False,0.15123847726241907,True,804
1060,True,0.3722766705972222,True,806
1061,False,-1.6035011310955436,False,805
1062,True,0.9623390293926676,True,807
1063,True,2.0957352127969684,True,809
1064,False,-0.13898728712889008,False,808
1065,False,-0.6493092664477222,False,805
1066,True,1.8878440232041318,True,807
1067,False,-0.9354147564988127,False,806
1068,False,0.10479986118790904,True,804
1069,True,2.2674346081639642,True,806
1070,False,-0.8048467971020953,False,805
1071,False,-0.7139324536366475,False,802
1072,True,0.20662806232134845,True,804
1073,True,1.4102112564315572,True,806
1074,True,2.3033393753347307,True,808
1075,False,-0.7655105864021253,False,807
1076,False,-0.7792591830557897,False,804
1077,True,0.7134995308075162,True,806
1078,True,1.1357167474586232,True,808
1079,True,0.6834142151107927,True,810
1080,False,-1.2480480509807936,False,809
1081,False,-0.9853627627507372,False,806
1082,True,0.9575674572904409,True,808
1083,False,-0.4810769158369034,False,807
1084,True,0.07452360799378727,True,809
1085,False,-0.702701160314791,False,808
1086,False,-0.6508502353427608,False,805
1087,False,-0.40169761754778727,True,803
1088,False,-0.84811515608326,False,802
1089,True,0.6094439334093692,True,804
1090,False,-0.9423137505515067,False,803
1091,True,0.3812232977251791,True,805
1092,False,-1.536890563947949,False,804
1093,False,-0.170814229972986,False,801
1094,False,-2.0048215073948983,True,799
1095,False,-1.8854653440091693,False,798
1096,False,-0.22782501283243714,False,795
1097,True,2.2398756085645917,True,797
1098,False,0.05520357821734875,True,795
1099,False,-0.647833514067497,False,794
1100,False,-0.6217334376544219,False,791
1101,True,0.5680075464118455,True,793
1102,False,-0.8442398799096118,False,792
1103,False,-0.7277216468871502,False,789
1104,True,1.3620115406362612,True,791
1105,False,-1.320132930854237,False,790
1106,False,-0.6543353705345122,False,787
1107,True,0.7999821718616623,True,789
1108,False,-0.7516886986025391,False,788
1109,False,-0.422864899373652,False,785
1110,True,0.9269459846918714,True,787
1111,False,-0.032783094966109705,False,786
1112,False,-0.9637610721244293,False,783
1113,True,0.6817782576460709,True,785
1114,True,0.6602634119024063,True,787
1115,False,-0.34029289160598036,False,786
1116,False,-1.1239934936467912,False,783
1117,False,-0.47728565408116674,True,781
1118,True,1.3255227742675113,True,783
1119,True,0.5862282895820425,True,785
1120,True,1.34021297562775,True,787
1121,True,1.406939157335575,True,789
1122,False,-0.5615748569238264,False,788
1123,True,0.9354859090818474,True,790
1124,True,0.2872400636737171,True,792
1125,True,2.5647100320686222,True,794
1126,False,-0.24419948554353918,False,793
1127,False,-0.15969180542385406,True,791
1128,True,0.13102363221186822,True,793
1129,False,-2.185690745078031,False,792
1130,True,1.7139096534258538,True,794
1131,True,0.21391364786688283,True,796
1132,False,-0.8506759625113596,False,795
1133,False,-0.9925220511394195,False,792
1134,False,-0.003990083275632595,True,790
1135,False,-1.822462648540595,False,789
1136,True,0.4361889427217765,True,791
1137,False,-0.31396454004019353,False,790
1138,True,0.040963118535649296,True,792
1139,True,0.45769010556640144,True,794
1140,True,1.1027080823984208,True,796
1141,False,-1.7722695571559828,False,795
1142,False,-1.270336802283545,False,792
1143,False,-1.6880798322730461,True,790
1144,False,-1.9426076569665798,False,789
1145,True,1.5075147672573368,True,791
1146,True,0.6538089323402847,True,793
1147,False,-1.5896553684989967,False,792
1148,False,-0.8565907089290046,False,789
1149,False,-0.7980236996060524,True,787
1150,True,0.8989216248170578,True,789
1151,True,1.8423941075858228,True,791
1152,False,-0.44717746650312507,False,790
1153,True,0.5199238814911751,True,792
1154,True,-0.0574432843573838,False,791
1155,False,-0.6356229478099005,False,788
1156,False,0.06742231685573966,True,786
1157,False,-0.19175530176124453,False,785
1158,True,0.3913144605847714,True,787
1159,False,-0.9233429385189366,False,786
1160,True,0.06531826881367127,True,788
1161,False,-1.3862550409415704,False,787
1162,False,-1.4912752524776645,False,784
1163,False,-1.0064150603664366,True,782
1164,False,-0.8675113609541941,False,781
1165,False,-0.2565189770620666,False,778
1166,False,-0.5495614706660292,True,776
1167,True,0.7201843936747666,True,778
1168,False,-1.9562411983078105,False,777
1169,True,0.48887280499748675,True,779
1170,False,-2.2562641315372844,False,778
1171,False,-0.09726136927310952,True,776
1172,True,1.356839874774779,True,778
1173,False,-0.06856232309786253,False,777
1174,True,1.0580962449364222,True,779
1175,True,0.023871481658561677,True,781
1176,False,-0.8988007798214506,False,780
1177,False,-0.10636101537090004,True,778
1178,False,-2.369649699502541,False,777
1179,False,-3.119923039243366,False,774
1180,True,1.273898392450952,True,776
1181,False,-1.8966577651666197,False,775
1182,False,-1.0780971702293836,False,772
1183,False,-0.18619103634621148,True,770
1184,True,0.5578714424273842,True,772
1185,True,1.8701687144032415,True,774
1186,False,-1.382693161374014,False,773
1187,False,-1.5150824401302838,False,770
1188,False,-0.09093726704429905,True,768
1189,True,0.8224909293625908,True,770
1190,False,-1.5215414022076048,False,769
1191,True,1.3705077981654044,True,771
1192,False,-0.3962756148504367,False,770
1193,False,-0.5596534219077397,False,767
1194,False,-1.091939833458316,True,765
1195,False,0.25368669165291946,True,763
1196,False,-0.6116881874937198,False,762
1197,True,0.6368092124318402,True,764
1198,True,0.7892684376922721,True,766
1199,False,-0.8988559600567847,False,765
1200,True,0.45175874573649355,True,767
1201,False,-1.009052090455595,False,766
1202,False,-0.1866770871049242,False,763
1203,False,0.014954998152799638,True,761
1204,False,-1.493995781791254,False,760
1205,False,-0.5434411126022651,False,757
1206,False,-0.32110009238317494,True,755
1207,False,-1.1486659655150844,False,754
1208,False,-0.9256390181173539,False,751
1209,True,0.06810645185920472,True,753
1210,False,-0.6781488703210055,False,752
1211,True,0.502396326779913,True,754
1212,True,0.9070959070755855,True,756
1213,False,-1.8647853819252087,False,755
1214,True,0.6366240090124299,True,757
1215,True,0.5400276173530179,True,759
1216,True,0.5536205483849133,True,761
1217,True,0.9786724008601544,True,763
1218,False,-0.4560400979658265,False,762
1219,False,-2.1598130559963105,False,759
1220,True,-0.08388582516986587,True,761
1221,True,1.0253032351764682,True,763
1222,False,-1.2541604541828513,False,762
1223,True,-0.4875875284627331,False,759
1224,False,0.06989328102690824,True,757
1225,False,-1.3606428436105136,False,756
1226,False,-1.1022589949939408,False,753
1227,False,-1.5422979210975796,True,751
1228,True,0.23108781377137946,True,753
1229,True,-0.016494311267885517,False,752
1230,True,0.9116777808054207,True,754
1231,True,0.9546460483367021,True,756
1232,False,-1.3066674837662444,False,755
1233,False,-0.553514300881341,False,752
1234,False,-0.6226755344224773,True,750
1235,False,-0.33087237294135124,False,749
1236,True,2.7285804286340394,True,751
1237,True,0.2134396967576248,True,753
1238,False,-0.3475334595572564,False,752
1239,True,1.3536394932404952,True,754
1240,False,-1.0918919193665326,False,753
1241,False,-0.5188221873535127,False,750
1242,False,-0.5475434104024725,True,748
1243,False,-0.12073103229391002,False,747
1244,False,-0.111166751011773,True,745
1245,True,0.9542415874639154,True,747
1246,True,1.1204979342997858,True,749
1247,True,0.7425518571359504,True,751
1248,False,-1.5297370030315522,False,750
1249,True,0.7789070992726218,True,752
1250,False,0.2502689176885694,True,750
1251,False,-0.7875256388901224,False,749
1252,True,1.261904642986476,True,751
1253,False,-1.5776237254815273,False,750
1254,True,1.3371495106143996,True,752
1255,False,-0.18949175373492042,False,751
1256,False,-0.013406605660153621,True,749
1257,False,-1.3812847551537426,False,748
1258,False,-0.6154216522862482,False,745
1259,True,0.7140394445598578,True,747
1260,False,-1.374820599138663,False,746
1261,True,0.9438290290243863,True,748
1262,False,-0.07187076588117414,False,747
1263,True,0.6213150369785685,True,749
1264,True,0.3205644899686395,True,751
1265,False,0.12893123858181815,True,749
1266,False,-1.5729638560935428,False,748
1267,True,0.14473137451648999,True,750
1268,False,-0.2804592429232513,False,749
1269,True,1.6240678160921258,True,751
1270,True,0.2415280042071075,True,753
1271,True,0.2333589753938221,True,755
1272,False,0.06343293975197009,True,753
1273,True,1.1797777244180487,True,755
1274,True,0.8343169985829407,True,757
1275,False,-2.147093466161221,False,756
1276,False,-0.48359820779064316,False,753
1277,False,-0.9326857717783515,True,751
1278,False,-0.42596716791742567,False,750
1279,False,-0.8373218462471117,False,747
1280,True,1.1331263859765333,True,749
1281,True,0.3641931072809222,True,751
1282,True,0.5443404375289628,True,753
1283,False,-0.5173115181609373,False,752
1284,False,-0.6585465201098356,False,749
1285,True,0.5663341599404492,True,751
1286,False,-1.9113479025096567,False,750
1287,False,-0.7256359132872521,False,747
1288,False,-1.2986606136807146,True,745
1289,False,-0.5280168329024622,False,744
1290,True,0.655811521116084,True,746
1291,True,0.6701664572873027,True,748
1292,True,0.9841255133575295,True,750
1293,False,-0.7706484719874976,False,749
1294,True,1.5691501402530188,True,751
1295,True,1.0558121759950854,True,753
1296,False,-0.5380532602837927,False,752
1297,False,-0.36023913951141107,False,749
1298,True,1.3206583040164173,True,751
1299,False,-1.3585907530209542,False,750
1300,False,-0.7622856072711525,False,747
1301,False,0.24140660610328676,True,745
1302,False,-2.055135809427113,False,744
1303,False,-0.6276122239715052,False,741
1304,False,-0.0016232469566071286,True,739
1305,False,-0.19494782931733345,False,738
1306,True,0.639057300503471,True,740
1307,False,-0.8319766217410932,False,739
1308,True,1.8295275990217856,True,741
1309,True,0.4204123042603667,True,743
1310,False,-1.833208060734812,False,742
1311,False,-0.4172686594016627,False,739
1312,False,-0.22254427189244608,True,737
1313,False,-3.4508601172843987,False,736
1314,False,0.05805304373232387,True,734
1315,False,-0.8248496630449917,False,733
1316,False,-0.7020396132425173,False,730
1317,False,0.3766295891846876,True,728
1318,False,0.2076593895501235,True,726
1319,False,-0.5255158394881934,False,725
1320,True,0.9773274247326442,True,727
1321,False,-0.39167179321339235,False,726
1322,True,1.2464724276353862,True,728
1323,True,1.7151048023274216,True,730
1324,True,1.4368694268994915,True,732
1325,False,-0.10017632959749495,False,731
1326,True,0.9266608125430292,True,733
1327,False,-0.7733975655467095,False,732
1328,False,-1.571458543266234,False,729
1329,True,1.2172854154548125,True,731
1330,True,0.19933669776745475,True,733
1331,True,1.856275855271066,True,735
1332,False,-0.6143608427305605,False,734
1333,False,0.03964663113164085,True,732
1334,False,-0.6932967701874327,False,731
1335,False,-0.022417974974802246,True,729
1336,True,0.9754907113284762,True,731
1337,False,-0.5300008266138992,False,730
1338,False,-1.3992068514253386,False,727
1339,False,-0.48652449452204205,True,725
1340,True,0.09752206541281588,True,727
1341,True,0.38582562268273557,True,729
1342,False,-0.5606463989785966,False,728
1343,False,-0.5441058638886531,False,725
1344,False,-1.576200221358377,True,723
1345,False,-1.6920912328926763,False,722
1346,True,0.6750434392461575,True,724
1347,True,1.953017822011237,True,726
1348,False,-1.4122078714950257,False,725
1349,False,-1.1125264479029835,False,722
1350,False,-0.5539415695958986,True,720
1351,False,-0.20389248022976944,False,719
1352,False,-1.137180604325576,False,716
1353,False,0.06186606939911926,True,714
1354,False,-0.9912245907184121,False,713
1355,False,-0.21009954301168746,False,710
1356,False,-0.6825194755947467,True,708
1357,True,0.21840178063955576,True,710
1358,True,0.3175126719662156,True,712
1359,True,1.1203196346321882,True,714
1360,False,-0.6978687360424264,False,713
1361,False,-1.0488092312028119,False,710
1362,True,2.103736494932245,True,712
1363,True,2.1002846753690085,True,714
1364,False,-0.10226784238007086,False,713
1365,False,-1.6105509550748107,False,710
1366,True,0.046070843622940304,True,712
1367,True,0.32967520609624595,True,714
1368,False,-0.5902909673705781,False,713
1369,False,-0.8576593726433929,False,710
1370,True,0.5815707309718322,True,712
1371,False,-0.09135396250219616,False,711
1372,False,-1.2921991456075508,False,708
1373,True,0.1404266251922988,True,710
1374,True,0.8017130410661644,True,712
1375,False,-0.2759395916445165,False,711
1376,True,0.7906596711316782,True,713
1377,True,0.01646257908761639,True,715
1378,False,-0.2058673707156296,False,714
1379,False,-0.785877903048545,False,711
1380,False,0.006144434369764362,True,709
1381,False,-0.6294613278571096,False,708
1382,True,1.2427021764507082,True,710
1383,True,1.715898686989207,True,712
1384,False,-3.4466513407691526,False,711
1385,True,1.6049682887652477,True,713
1386,True,-0.03831262232110497,False,712
1387,False,-0.810158841001955,False,709
1388,False,-0.7386543154951613,True,707
1389,False,-0.114794160057788,False,706
1390,True,0.680496873921973,True,708
1391,False,-1.712792655621957,False,707
1392,False,-1.4254495688667457,False,704
1393,False,-1.640240934048666,True,702
1394,False,-0.7939678220543217,False,701
1395,True,0.5484192721744477,True,703
1396,True,0.15715322132159337,True,705
1397,True,0.08315365754538784,True,707
1398,False,0.09687672651158383,True,705
1399,True,0.6119043376267874,True,707
1400,False,-1.7441162848072642,False,706
1401,False,-1.0967248448131819,False,703
1402,False,-0.5648397629856086,True,701
1403,True,1.2831900629328108,True,703
1404,True,0.31965972307331647,True,705
1405,True,1.4215289787083014,True,707
1406,True,-0.028617312969485637,False,706
1407,False,-1.2187938960271447,False,703
1408,False,-0.771534220462213,True,701
1409,True,0.6779462252035895,True,703
1410,False,0.4486145057923337,True,701
1411,True,0.6818515137387458,True,703
1412,False,-0.0589218216159827,False,702
1413,False,-0.8641838031899807,False,699
1414,True,-0.3223296949170654,True,701
1415,False,-0.6520452178752734,False,700
1416,True,0.8647720407924958,True,702
1417,False,-0.5289682868087104,False,701
1418,False,-0.11892609977248333,True,699
1419,False,-1.9415404824884854,False,698
1420,True,0.5653290747373865,True,700
1421,True,0.24724930328193187,True,702
1422,True,0.3096984063272741,True,704
1423,True,0.4577944330811104,True,706
1424,False,-1.8604213370886147,False,705
1425,True,0.3906772277640237,True,707
1426,False,-0.24885626526861254,False,706
1427,True,0.9959010368458503,True,708
1428,True,-0.25693215366350347,False,707
1429,True,1.490790333410939,True,709
1430,False,-0.39383232720024675,False,708
1431,False,-0.4390088588450199,False,705
1432,True,1.4756097865085211,True,707
1433,False,0.43729987714516216,True,705
1434,False,-1.0966318173948937,False,704
1435,True,1.6354305274005354,True,706
1436,False,-1.4276939304520084,False,705
1437,True,0.2341474993868092,True,707
1438,True,0.5177183604351873,True,709
1439,True,0.3832974654553216,True,711
1440,False,-0.08512724792446162,False,710
1441,False,-1.4251546171874325,False,707
1442,False,-1.0413730804088916,True,705
1443,False,0.19906219063477798,True,703
1444,False,-0.44394890995110753,False,702
1445,False,-2.098812508385443,False,699
1446,True,0.17075458703559573,True,701
1447,False,-1.649670012844447,False,700
1448,False,-0.8086446336815184,False,697
1449,False,-0.17412158742799025,True,695
1450,False,-0.30588865788426983,False,694
1451,True,2.0557600450225912,True,696
1452,False,-0.9682950321388525,False,695
1453,False,-1.8516002403137188,False,692
1454,False,-1.2234411264658176,True,690
1455,False,-0.5261828238140268,False,689
1456,False,-2.3059831048262684,False,686
1457,False,-0.3486354230148981,True,684
1458,True,-0.05577147163212487,False,683
1459,False,0.08842195074048491,True,681
1460,True,2.044780886455467,True,683
1461,False,-0.6431142789972354,False,682
1462,True,0.5481070002959645,True,684
1463,False,-0.45194261568732313,False,683
1464,False,-0.6741392368054137,False,680
1465,True,1.2126247626228797,True,682
1466,False,-0.4682458753594793,False,681
1467,False,-3.1063744156880544,False,678
1468,True,0.6532332702899984,True,680
1469,True,-0.3082937592736158,False,679
1470,False,-0.7273140050535105,False,676
1471,False,-1.7396319431628409,True,674
1472,False,-0.46062618833028846,False,673
1473,False,-0.09532642757786688,True,671
1474,False,-0.07384681808925508,False,670
1475,False,0.23512980600687086,True,668
1476,True,0.9745619136880144,True,670
1477,True,0.7974093237385513,True,672
1478,False,-1.8648667356221402,False,671
1479,True,1.2943670778006096,True,673
1480,True,0.7863335210988297,True,675
1481,False,-2.3325831120780083,False,674
1482,True,0.37691331923876525,True,676
1483,True,0.30532736715019854,True,678
1484,False,-0.6339048537529594,False,677
1485,False,-1.1794941455484227,False,674
1486,True,1.5945440603944159,True,676
1487,True,0.6712551836197488,True,678
1488,False,-0.5543410587085696,False,677
1489,True,0.19118984562407515,True,679
1490,True,0.43855373537621617,True,681
1491,False,-1.5909321683411104,False,680
1492,False,-1.979046467585709,False,677
1493,False,-1.357071951136456,True,675
1494,True,0.07799064659235033,True,677
1495,False,-0.6686397022013519,False,676
1496,True,0.2705539359493378,True,678
1497,True,0.1543854451395452,True,680
1498,False,-1.0098615861634281,False,679
1499,True,1.2343057702694995,True,681
1500,True,0.7917565029391826,True,683
1501,True,-0.26812885755366267,False,682
1502,False,-1.3858535741458997,False,679
1503,False,-2.152736158343034,True,677
1504,True,1.170470119094695,True,679
1505,False,-1.3933929040148816,False,678
1506,True,-0.16962412707743912,False,675
1507,False,-0.369871753851329,True,673
1508,True,0.32081879852500206,True,675
1509,False,-0.9276202961421385,False,674
1510,False,-0.6806056027715803,False,671
1511,False,-0.40407501083091524,True,669
1512,True,0.07093609543270454,True,671
1513,False,0.22114224876117705,True,669
1514,False,-2.5410674672630607,False,668
1515,False,-1.2404556495382386,False,665
1516,False,-0.386886166345145,True,663
1517,True,0.8832619771350182,True,665
1518,True,0.5783133625807968,True,667
1519,True,0.3512494009752871,True,669
1520,False,-0.12800112130289978,False,668
1521,True,0.02147790688212335,True,670
1522,False,-1.4178327294387827,False,669
1523,True,0.866954064876554,True,671
1524,False,-0.2672089009714912,False,670
1525,False,-0.4133704700002755,False,667
1526,False,-0.08578456793690983,True,665
1527,False,-2.1132181562872634,False,664
1528,False,-0.5176349810777575,False,661
1529,True,0.7487407240771952,True,663
1530,False,0.08496773187943857,True,661
1531,False,-0.40796403337370934,False,660
1532,False,-0.9083525666711507,False,657
1533,False,-0.148268291238981,True,655
1534,False,-0.5773166030880988,False,654
1535,False,-0.5788831334299903,False,651
1536,False,-0.8294885309604703,True,649
1537,False,-0.8446399512667113,False,648
1538,True,1.190713773520466,True,650
1539,False,-1.580517209089429,False,649
1540,True,0.48597515793243506,True,651
1541,True,0.6917207592234472,True,653
1542,False,-0.33135884045853115,False,652
1543,True,1.0305539960024457,True,654
1544,False,-0.7848330097312408,False,653
1545,False,-0.16434893580503462,False,650
1546,False,-0.44224240673748894,True,648
1547,True,0.005994580814138312,False,647
1548,False,-0.20827250078413978,False,644
1549,False,-0.4916367678029248,True,642
1550,False,0.06026029492817403,True,640
1551,False,-0.8059215206691003,False,639
1552,True,0.8948491340462337,True,641
1553,False,-0.1380649541151871,False,640
1554,False,-2.164229761773094,False,637
1555,False,-1.174732530383081,True,635
1556,True,0.22131283356093367,True,637
1557,False,-0.34104076702946956,False,636
1558,True,0.2630371376591519,True,638
1559,True,-0.10322064464989944,False,637
1560,False,-0.2659939070112617,False,634
1561,True,0.7365561918719916,True,636
1562,True,0.08858435786639358,True,638
1563,True,0.49501823523335053,True,640
1564,True,1.0847296734998106,True,642
1565,False,-0.8182277571270117,False,641
1566,False,-0.6669891541005749,False,638
1567,False,-0.6396869526677279,True,636
1568,False,-0.3755274556461465,False,635
1569,False,-0.9594876650947746,False,632
1570,True,0.7654719069954702,True,634
1571,False,-0.2873940774456464,False,633
1572,True,1.8733438963453235,True,635
1573,False,-0.35031760223362307,False,634
1574,False,-0.9982084873880068,False,631
1575,False,-1.9687269962932041,True,629
1576,True,0.7760214981935548,True,631
1577,True,0.03131834043641358,True,633
1578,False,-0.4612631787423585,False,632
1579,False,-2.81262117498603,False,629
1580,True,0.311891914211608,True,631
1581,True,1.924592763790485,True,633
1582,False,-1.0556009628637701,False,632
1583,False,-0.7906739803289167,False,629
1584,True,0.26944319017367335,True,631
1585,True,0.22885293826316166,True,633
1586,False,-1.7975551788878137,False,632
1587,True,0.44535210013430715,True,634
1588,False,-0.0347918760701707,False,633
1589,True,1.3888103833758547,True,635
1590,True,0.6571696879321871,True,637
1591,True,0.21894828402489216,True,639
1592,True,1.0598195137622843,True,641
1593,False,-1.032685331746795,False,640
1594,False,-1.8393141202538839,False,637
1595,False,-0.5647478568852743,True,635
1596,True,0.6288146010939577,True,637
1597,False,-0.07707392607738256,False,636
1598,True,-0.08099303594555547,True,638
1599,False,-1.3236319349795065,False,637
1600,False,-1.0287595364939843,False,634
1601,False,-1.650901780404621,True,632
1602,False,-1.5459791849866733,False,631
1603,True,0.9990667528183446,True,633
1604,False,-0.16748854271338606,False,632
1605,True,0.36072017298196685,True,634
1606,False,-0.13673478001456063,False,633
1607,True,1.5939804683853294,True,635
1608,False,-1.9708869628653796,False,634
1609,True,1.0309072832725927,True,636
1610,False,-0.35634330174106144,False,635
1611,False,-1.2520505975175866,False,632
1612,False,-1.4929258500101856,True,630
1613,False,-0.2165571252074507,False,629
1614,False,-2.0815630547898167,False,626
1615,True,-0.1289430454723119,True,628
1616,False,-0.015095014269533413,False,627
1617,False,-0.7746860849551844,False,624
1618,False,-1.782775739123142,True,622
1619,False,-0.2365595215588958,False,621
1620,False,-0.295560273290873,False,618
1621,True,-0.30437394088850106,True,620
1622,False,0.05433219239225949,True,618
1623,False,-0.6454964888104453,False,617
1624,False,-0.5624595595960327,False,614
1625,False,-0.3200183052761688,True,612
1626,True,0.6929381969703585,True,614
1627,False,-0.14457409259119053,False,613
1628,False,-1.0892107755055622,False,610
1629,False,-1.5657257233266773,True,608
1630,True,1.5803626142886915,True,610
1631,True,1.3558825596599597,True,612
1632,False,-0.3010631258524112,False,611
1633,False,-1.4530639560320109,False,608
1634,False,-0.24131777165108592,True,606
1635,True,1.80632329762533,True,608
1636,False,-0.4653067312756781,False,607
1637,True,0.8533003909262604,True,609
1638,True,1.4271453161759329,True,611
1639,False,-0.3447298845512491,False,610
1640,True,0.7019366853088391,True,612
1641,False,-0.7401145756039125,False,611
1642,True,1.1501191843071612,True,613
1643,False,0.11527555200181017,True,611
1644,True,0.8991696170773984,True,613
1645,True,-0.29576492418998246,False,612
1646,True,1.9773503449472363,True,614
1647,True,-0.07046445723316097,False,613
1648,True,0.41887708135630675,True,615
1649,True,0.3834756162533777,True,617
1650,True,0.3754945149352042,True,619
1651,False,-0.8480264885810596,False,618
1652,True,0.6670469224860114,True,620
1653,False,-1.241855475118987,False,619
1654,False,-1.0349797793578581,False,616
1655,True,0.9297222528591584,True,618
1656,True,2.0190718710063855,True,620
1657,False,-0.006626114658716098,False,619
1658,True,0.3046793406675879,True,621
1659,True,0.006650639222007029,False,620
1660,False,-2.211922810150433,False,617
1661,False,-0.40346934914021937,True,615
1662,True,0.5100189336954302,True,617
1663,True,-0.07950273686674261,False,616
1664,False,-0.9021972081844519,False,613
1665,False,-0.5063335454590931,True,611
1666,False,-0.08386869996694751,False,610
1667,False,-0.9217153085496672,False,607
1668,False,-0.3879175306288106,True,605
1669,True,0.2427361871642001,True,607
1670,False,-1.58713251774679,False,606
1671,False,-1.810196214722312,False,603
1672,True,1.3348962089271466,True,605
1673,False,-0.4543587196498576,False,604
1674,True,0.11546809339995312,True,606
1675,False,0.08741134757891333,True,604
1676,False,-0.22677883663135084,False,603
1677,True,0.42498376657784726,True,605
1678,True,-0.19425468357681247,False,604
1679,True,0.6781440872045748,True,606
1680,True,1.5548545229701605,True,608
1681,True,1.2771145966687993,True,610
1682,False,-0.7911520272774737,False,609
1683,False,-0.7208324620085396,False,606
1684,True,0.14690852155269496,True,608
1685,False,-0.7300907847820246,False,607
1686,False,-2.0957403332798994,False,604
1687,True,0.9063027961800558,True,606
1688,False,-0.9635280424918595,False,605
1689,True,0.8321787402765255,True,607
1690,True,0.3646174397817816,True,609
1691,False,-2.2581314241727877,False,608
1692,True,1.5186501044924734,True,610
1693,False,-0.5841127572781273,False,609
1694,True,0.6805925345528708,True,611
1695,True,0.566385943324994,True,613
1696,False,-0.24272448319400347,False,612
1697,False,-0.530311564115853,False,609
1698,False,-1.7562571990434057,True,607
1699,False,0.214070776870663,True,605
1700,False,-1.9085683873480144,False,604
1701,False,-0.7379012073448974,False,601
1702,False,-2.69013837122042,True,599
1703,False,-1.351374351019568,False,598
1704,True,-0.3406829906027175,False,595
1705,False,-1.692814449808233,True,593
1706,False,-0.9229951721816021,False,592
1707,False,-0.3929457537277205,False,589
1708,True,0.14249861672663214,True,591
1709,False,-0.7235769037179497,False,590
1710,True,-0.07608045491565102,True,592
1711,False,-2.0884679630499767,False,591
1712,False,-1.2337637517751021,False,588
1713,True,0.529027751332697,True,590
1714,True,1.3890669611293465,True,592
1715,True,0.6960946334862484,True,594
1716,True,1.3602495004912063,True,596
1717,False,-0.7416511584519883,False,595
1718,True,0.24636943385808407,True,597
1719,True,-0.46667090063799527,False,596
1720,False,-0.8316844963516902,False,593
1721,False,-0.38655786731530095,True,591
1722,False,-1.354981183553235,False,590
1723,False,-1.344353266712974,False,587
1724,True,1.1651657311582284,True,589
1725,False,-1.8546145671348588,False,588
1726,False,-1.1406829314808766,False,585
1727,False,-1.7917689897942262,True,583
1728,True,2.1045969257653043,True,585
1729,False,-0.04753455488657072,False,584
1730,True,0.936301423556144,True,586
1731,False,-2.5724522074397616,False,585
1732,False,-0.5330992684116171,False,582
1733,False,-0.6463148357930114,True,580
1734,False,-0.574783789754862,False,579
1735,True,0.3440193922609651,True,581
1736,False,-1.0437121263818872,False,580
1737,False,-0.2447469386853628,False,577
1738,False,-0.7152140387650823,True,575
1739,False,-1.0785988073370236,False,574
1740,False,-0.37301163853753116,False,571
1741,True,0.7170660329241922,True,573
1742,False,-1.3387285839257528,False,572
1743,False,-0.6619833481879502,False,569
1744,True,1.0783914699570374,True,571
1745,True,1.7164746736380367,True,573
1746,False,-0.6269699836805602,False,572
1747,True,0.35556920802679903,True,574
1748,True,2.506862459530305,True,576
1749,False,-1.5355683415907289,False,575
1750,False,-1.3036035064072904,False,572
1751,True,-0.01264506175019428,True,574
1752,True,0.29017028325560223,True,576
1753,False,-1.0349239006206095,False,575
1754,True,0.4609644448795586,True,577
1755,False,-0.2042973817163632,False,576
1756,False,0.13602311866382627,True,574
1757,True,2.2153857294889288,True,576
1758,False,-0.4996943284835273,False,575
1759,False,-0.25468151286508456,False,572
1760,True,1.8390058616409515,True,574
1761,False,-0.9299534528994551,False,573
1762,False,-1.176838883169964,False,570
1763,True,1.2391526190794933,True,572
1764,False,-0.3926187890256666,False,571
1765,True,1.2053494746367825,True,573
1766,False,-0.578070114730368,False,572
1767,True,0.7301239267027755,True,574
1768,True,0.7181523046716476,True,576
1769,False,-1.0315750116976683,False,575
1770,True,0.986254128352267,True,577
1771,False,-2.0531127911193776,False,576
1772,True,0.7849464084804736,True,578
1773,False,-2.257522183519154,False,577
1774,False,-2.264162372782159,False,574
1775,False,-1.7838068131864384,True,572
1776,False,-1.9914801496315448,False,571
1777,False,-0.8505673789222494,False,568
1778,False,-0.010058233543612821,True,566
1779,True,0.9144236593326358,True,568
1780,True,-0.1183010175353745,False,567
1781,True,0.44950182543393963,True,569
1782,False,-3.292189000323829,False,568
1783,True,1.0859465385317346,True,570
1784,True,1.1261975122085244,True,572
1785,True,0.2628681555728788,True,574
1786,False,-1.2489443980087684,False,573
1787,False,-0.11650781717421205,True,571
1788,True,1.5617533544582636,True,573
1789,False,-0.911592114805331,False,572
1790,False,-0.690706663036512,False,569
1791,True,1.1683091506128163,True,571
1792,False,-1.1310798052780695,False,570
1793,False,0.03782270562129235,True,568
1794,False,0.031815261403547956,True,566
1795,True,0.48433564749889746,True,568
1796,True,0.6495629040505508,True,570
1797,False,-0.9147055378470332,False,569
1798,False,-1.531931733153189,False,566
1799,False,-0.3946126914304422,True,564
1800,False,-0.5233289516216503,False,563
1801,False,-0.8247239564629586,False,560
1802,False,-0.9288216270161419,True,558
1803,True,0.9664162594040233,True,560
1804,False,0.12155411162155827,True,558
1805,False,-0.3141073713974961,False,557
1806,True,-0.3242064439583655,False,554
1807,False,-0.506390984478475,True,552
1808,False,-2.612057588651601,False,551
1809,False,-0.239726713204569,False,548
1810,False,-0.8560739183238432,True,546
1811,False,-1.2827162515340087,False,545
1812,True,-0.21445631071070115,False,542
1813,False,-1.3354803733551515,True,540
1814,False,-2.018199044709844,False,539
1815,True,0.18975725013516143,True,541
1816,False,-0.4426294665665649,False,540
1817,False,-1.0411874192145543,False,537
1818,False,0.020506759159257537,True,535
1819,True,3.1567126313629226,True,537
1820,False,-1.0880448634916005,False,536
1821,True,0.9420700082463231,True,538
1822,True,0.3948047119004982,True,540
1823,True,0.0814982352978226,True,542
1824,False,-0.6940510901264493,False,541
1825,True,1.2111050581283964,True,543
1826,False,-0.8439748662356863,False,542
1827,False,-1.1517930043986755,False,539
1828,False,-1.2668302604176143,True,537
1829,False,-1.2972873111501881,False,536
1830,False,-0.9237117553067908,False,533
1831,True,0.1788316694755264,True,535
1832,True,1.4353168066501485,True,537
1833,True,-0.0012504858489754134,False,536
1834,True,0.5841910460993414,True,538
1835,False,-0.9679753617086678,False,537
1836,False,-0.14091687357161486,True,535
1837,False,-0.5186302898581245,False,534
1838,False,-0.4424126759110955,False,531
1839,True,0.8882095731333469,True,533
1840,False,0.0848158072874638,True,531
1841,False,-1.3369804083448809,False,530
1842,False,-1.3272944343835542,False,527
1843,False,-0.6632468433198035,True,525
1844,True,0.30930773484437923,True,527
1845,False,-1.363896435966203,False,526
1846,False,-0.3542808453707532,False,523
1847,True,0.20913555716339335,True,525
1848,False,-0.6285973743118773,False,524
1849,False,-0.47770987921005553,False,521
1850,True,1.5570393796852067,True,523
1851,False,-0.6866415222519356,False,522
1852,False,-2.001127931670673,False,519
1853,True,0.573972374059484,True,521
1854,False,-1.217696741908055,False,520
1855,True,0.36495322599673397,True,522
1856,False,-1.9214820707009403,False,521
1857,True,1.6534254829112036,True,523
1858,False,-0.018505721336829928,False,522
1859,False,-0.7736141173047661,False,519
1860,True,0.995512839156659,True,521
1861,False,-0.7045962271737409,False,520
1862,False,-0.2550446618234904,False,517
1863,True,1.609416520313005,True,519
1864,True,0.9147480900742341,True,521
1865,False,-0.32145614472794287,False,520
1866,False,-1.6748176582789438,False,517
1867,False,-0.12388138976403322,True,515
1868,False,-1.220724251526831,False,514
1869,False,-1.5053899884639534,False,511
1870,True,0.3408339592637975,True,513
1871,False,-1.6618701435101604,False,512
1872,True,1.5880698631952586,True,514
1873,True,0.26051432191613294,True,516
1874,False,-0.6810447578479617,False,515
1875,True,-0.25172675432078706,False,512
1876,False,-1.2419865243122605,True,510
1877,False,0.21666661037417084,True,508
1878,True,0.8389779316327957,True,510
1879,False,-1.0417498594509567,False,509
1880,False,-0.6581223788936288,False,506
1881,False,-0.502075580109308,True,504
1882,True,1.3855096395170203,True,506
1883,False,-0.8071407025389881,False,505
1884,True,1.1588545053434565,True,507
1885,False,-0.10417833153080373,False,506
1886,False,-2.4071555466720236,False,503
1887,True,0.3593767052262645,True,505
1888,True,0.7713495582985092,True,507
1889,False,-0.47753793156391655,False,506
1890,False,-0.39240693701769863,False,503
1891,False,-0.5952016575739547,True,501
1892,True,0.7840979045481677,True,503
1893,False,0.0795643402858485,True,501
1894,True,1.7466674206111368,True,503
1895,False,-0.4834968926391434,False,502
1896,False,-0.8940725675763057,False,499
1897,True,1.1417124377096914,True,501
1898,False,-1.8097932944339403,False,500
1899,True,4.0412233125169195,True,502
1900,False,0.6038165803873647,True,500
1901,False,-0.7050704370134411,False,499
1902,False,-1.1054906521837864,False,496
1903,True,0.15973533679352553,True,498
1904,False,-0.32925629334738793,False,497
1905,False,-1.7218960875258986,False,494
1906,False,-1.8329238903226601,True,492
1907,True,1.9942111761517256,True,494
1908,False,-0.9247445703958325,False,493
1909,True,0.9622268822012431,True,495
1910,False,-0.3904443570435952,False,494
1911,False,-0.2931596977920537,False,491
1912,True,0.200509709920845,True,493
1913,False,-1.0444801313402967,False,492
1914,False,-0.5399085914792927,False,489
1915,False,-1.500867471378809,True,487
1916,False,-0.511770898160847,False,486
1917,False,-1.43712933413565,False,483
1918,True,-0.49572648312295164,True,485
1919,True,0.27743149332975303,True,487
1920,True,-0.053018597097911124,False,486
1921,False,-0.27608581618727074,False,483
1922,False,-1.4014477749418797,True,481
1923,True,2.16748088784028,True,483
1924,True,1.5679342826169747,True,485
1925,False,-3.0745613767723494,False,484
1926,True,0.7652137994551663,True,486
1927,False,-0.8310737495047684,False,485
1928,False,-1.2005357130061385,False,482
1929,False,-0.011779581011681861,True,480
1930,False,-1.827505430093177,False,479
1931,True,0.28581819440578005,True,481
1932,False,-2.025955600880771,False,480
1933,True,-0.09181137416532059,True,482
1934,False,-1.6730530108222648,False,481
1935,True,1.3046097429613832,True,483
1936,False,-0.3837488781567736,False,482
1937,True,0.3568874957362969,True,484
1938,True,0.006157538096510234,False,483
1939,False,-0.5362411690240811,False,480
1940,True,0.8172706640741255,True,482
1941,False,0.05606161620685639,True,480
1942,False,-0.5130819697388509,False,479
1943,False,-0.02092865909934899,True,477
1944,False,-1.1096866484016308,False,476
1945,False,-0.5680828504896193,False,473
1946,False,-0.8553013793510313,True,471
1947,True,0.6521453745138941,True,473
1948,False,-0.04485484506908635,False,472
1949,False,-0.5728537240219825,False,469
1950,False,-0.5582812369537677,True,467
1951,False,0.19929844987697642,True,465
1952,False,-0.8170012498824367,False,464
1953,False,-0.7201020831404263,False,461
1954,True,0.5431947607007491,True,463
1955,False,-0.5820006442133896,False,462
1956,True,1.4987423729193883,True,464
1957,False,-0.6927789064670823,False,463
1958,True,0.24934879208138575,True,465
1959,False,-0.8101888992893213,False,464
1960,True,0.6239125327430738,True,466
1961,False,-0.1850242499553621,False,465
1962,False,-1.0908597237978412,False,462
1963,False,-1.094442749956816,True,460
1964,False,0.41664497288701463,True,458
1965,False,-0.5131751536956917,False,457
1966,False,-0.34292929398954947,False,454
1967,False,-1.107534732669861,True,452
1968,False,-0.16894625522625858,False,451
1969,False,-1.8561764014497462,False,448
1970,False,-1.1459846010700243,True,446
1971,True,0.04461953422236109,True,448
1972,True,1.2412228335525475,True,450
1973,False,0.23286720514400852,True,448
1974,True,0.20871628624622302,True,450
1975,True,1.2336975637287386,True,452
1976,True,0.5441139937878396,True,454
1977,False,-1.6672639502724764,False,453
1978,True,0.45706796118114923,True,455
1979,True,0.9408135432001659,True,457
1980,False,-1.4817595004134203,False,456
1981,True,1.5881661284531927,True,458
1982,False,-1.4189484413940199,False,457
1983,True,0.9237877156921999,True,459
1984,True,0.30236279896780316,True,461
1985,False,0.0857095152239297,True,459
1986,False,-0.3865165353945901,False,458
1987,True,0.3994148526411019,True,460
1988,False,-0.7745397012820492,False,459
1989,False,-0.4201391282250738,False,456
1990,True,0.9885758200143075,True,458
1991,True,0.77014488961072,True,460
1992,False,-0.7596895194008323,False,459
1993,False,0.0005586359632577809,True,457
1994,True,-0.04240362718820001,False,456
1995,False,-1.302566955322443,False,453
1996,True,0.28534448592674383,True,455
1997,False,-0.7634327076881169,False,454
1998,False,-0.02992408499804017,True,452
1999,True,1.0245673413063288,True,454
2000,False,-0.3061921840658871,False,453
